data_id,country,crop,plant_start,plant_end,plant_range,harvest_start,harvest_end,harvest_range,temp_average,precip_average
1,Albania,Wheat,289,349,61,121,181,61,13.2985334102017,93.9236063004026
10,Algeria,Wheat,284,20,102,161,233,73,15.7388342876275,43.3826252010722
11,Algeria,Barley,284,20,102,162,202,41,15.5364456227658,41.3015529230417
12,Algeria,Rice,72,173,102,254,294,41,16.0146533437164,46.156466576499
15,Angola,Wheat,121,151,31,274,304,31,21.4199394939949,99.2179471937609
17,Angola,Rice,284,355,72,71,141,71,21.4024768166963,98.9199950899342
22,Argentina,Barley,163,263,101,314,19,71,15.3323192125963,67.2480994660332
31,Armenia,Wheat,213,304,92,121,212,92,7.43351244947371,43.1510452110322
41,Bangladesh,Wheat,315,11,62,81,120,40,25.5140171738045,168.662544710983
45,Belarus,Rye,227,263,37,187,227,41,6.10698751788047,51.9808246857754
47,Belarus,Barley,91,151,61,218,278,61,6.10636089005972,51.980695510619
52,Benin,Rice,91,151,61,213,273,61,27.8570525516121,85.7298104760895
56,Bolivia,Wheat,315,354,40,101,172,72,18.694701245362,73.5066280475648
57,Bolivia,Barley,284,354,71,71,141,71,21.3379215519168,80.3312060238689
59,Bolivia,Rice,305,334,30,70,141,72,23.5402941802975,93.2005338839142
63,Botswana,Wheat,121,151,31,274,304,31,20.81302683416,35.0785891854268
73,Brazil,Barley,131,202,72,284,355,72,18.3189958842707,142.628487316824
82,Burkina Faso,Rice,335,365,31,60,120,61,28.3851948538285,74.9984118765005
89,Cambodia,Rice,152,289,138,335,59,90,27.3706437877275,141.62873116249
90,Cambodia,Rice,305,31,92,60,120,61,27.3706437877275,141.62873116249
98,Cameroon,Rice,121,212,92,305,365,61,23.9360304660922,126.040284148994
105,Central African Republic,Rice,121,243,123,319,365,47,24.8976038507498,123.275678453328
111,Chad,Rice,152,212,61,213,334,122,26.6731681792319,84.9444632882425
112,Chile,Wheat,101,232,132,344,50,72,11.8716818343657,99.7188157511409
113,Chile,Barley,162,293,132,344,50,72,11.3826210911478,127.491653601136
115,Chile,Rice,284,354,71,71,131,61,13.0972584054702,71.138615172616
129,Colombia,Wheat,40,110,71,161,263,103,19.4444158529318,174.380426791821
130,Colombia,Barley,10,141,132,162,263,102,19.9905300364275,171.629818523969
132,Colombia,Rice,40,81,42,223,293,71,22.2209334595441,170.434974068745
148,Congo Dem. Rep. (North),Rice,182,243,62,305,334,30,23.3023453574101,123.82317070254
149,Congo Dem. Rep. (South),Rice,335,31,62,121,151,31,22.7950226776319,119.706743369718
156,Costa Rica,Rice,91,151,61,213,273,61,26.074689014372,192.185038055787
157,Costa Rica,Rice,213,273,61,305,31,92,26.074689014372,192.185038055787
160,Cuba,Rice,60,193,134,193,365,173,25.181317994024,110.892199347974
161,Cuba,Rice,335,59,90,60,212,153,25.181317994024,110.892199347974
173,Dominican Republic,Rice,335,90,121,121,243,123,24.2545770807384,124.131583011957
174,Dominican Republic,Rice,182,273,92,335,31,62,24.2545770807384,124.131583011957
175,North Korea,Wheat,274,314,41,152,181,30,5.6182822098725,82.1112449988782
176,North Korea,Barley,305,334,30,162,202,41,5.62729015360604,82.1640738026998
178,North Korea,Rice,101,131,31,254,293,40,8.23510795344525,89.400742319231
193,Timor Leste,Rice,335,59,90,121,212,92,24.4787881700494,107.911409716605
194,Timor Leste,Rice,91,181,91,213,334,122,24.4787881700494,107.911409716605
195,Ecuador,Wheat,11,111,101,162,263,102,19.7471109197634,131.225870264727
196,Ecuador,Barley,284,90,172,91,263,173,19.1521764945984,129.585642323692
198,Ecuador,Rice,284,52,134,111,202,92,22.1566354909932,120.814951079254
199,Egypt,Wheat,305,334,30,121,161,41,21.413168738911,3.84586554349898
200,Egypt,Barley,315,354,40,100,141,42,21.5465434223329,4.5010801986582
202,Egypt,Rice,112,193,82,283,323,41,20.547988806191,6.71107777987639
208,El Salvador,Rice,121,181,61,305,31,92,24.0648365094953,134.777758797312
209,El Salvador,Rice,1,59,59,60,120,61,24.0648365094953,134.777758797312
212,Eritrea,Wheat,182,212,31,325,365,41,24.0752937638277,36.1668920996638
216,Eritrea,Barley,152,232,81,314,365,52,19.786858276958,39.4257323897467
218,Estonia,Wheat,234,284,51,192,234,43,4.94695632654144,52.4421644386658
220,Ethiopia,Wheat,121,181,61,305,365,61,19.2020737715871,89.2556721709202
225,Ethiopia,Oats,102,243,142,274,31,123,18.4526068805929,94.2947427422205
226,Ethiopia,Barley,121,181,61,305,365,61,19.6770749353747,81.6837487221942
229,French Guiana,Rice,314,120,172,121,293,173,26.2334702438566,234.969513183152
237,The Gambia,Rice,152,212,61,274,334,61,27.0415242789237,86.8483228767968
239,Georgia,Wheat,227,304,78,182,227,46,9.96721700331026,80.423987321697
246,Ghana (South),Rice,91,151,61,244,304,61,26.7446332885726,109.432383799353
247,Ghana (North),Rice,121,212,92,274,365,92,27.9712315299996,92.2183172752649
252,Guatemala,Wheat,101,172,72,253,324,72,22.3638160764104,153.873466533255
255,Guatemala,Rice,91,181,91,244,304,61,22.3789539628362,153.46217062057
260,Guinea,Rice,121,243,123,274,31,123,25.076174297084,169.700795529025
266,Guinea-Bissau,Rice,152,243,92,274,31,123,27.1357835042228,138.957433398745
268,Guyana,Rice,101,142,42,253,324,72,26.8432992794153,192.447458159775
273,Haiti,Rice,32,120,89,152,273,122,24.0905126672342,128.024245997744
274,Haiti,Rice,213,273,61,305,365,61,24.0905126672342,128.024245997744
291,Indonesia (Java),Rice,274,334,61,60,120,61,26.1141713411322,208.260237752838
292,Indonesia (Java),Rice,121,181,61,213,273,61,26.1141713411322,208.260237752838
293,Indonesia (South Sulawesi (east)),Rice,305,365,61,60,120,61,25.6235481339588,179.563554895252
294,Indonesia (South Sulawesi (west)),Rice,121,181,61,213,273,61,25.4326826489023,213.056673307413
295,Indonesia (Sumatra),Rice,213,273,61,32,90,59,26.1034426319055,207.692646969066
296,Indonesia (Sumatra),Rice,60,120,61,182,243,62,26.1034426319055,207.692646969066
299,Iran,Wheat,244,314,71,152,201,50,14.5589850379224,30.4310952847518
300,Iran,Barley,253,21,134,60,90,31,14.6556715098195,29.9383767493172
301,Iran,Rice,101,112,12,222,232,11,15.1236038125317,46.1925876460502
304,Iraq,Wheat,314,354,41,132,202,71,21.3393320895214,24.5498848653027
305,Iraq,Barley,283,354,72,101,171,71,21.5720682728119,22.0357963560854
309,Israel,Wheat,294,354,61,111,151,41,18.970217978418,43.0147246757174
310,Israel,Barley,314,354,41,102,171,70,18.9711335768356,43.0007949083589
318,Cote d'Ivoire,Rice,91,212,122,244,365,122,26.3262404459135,106.092393818097
321,Japan,Rice,132,202,71,258,324,67,11.9322523386018,136.357479907149
322,Japan,Wheat,263,334,72,152,202,51,8.75608429893222,116.362304845127
324,Jordan,Wheat,315,20,71,132,202,71,17.461438443476,20.6267904394048
325,Jordan,Barley,314,21,73,100,172,73,17.3640617128472,21.6112882972792
329,Kazakhstan,Wheat,121,155,35,221,273,53,2.75930135577052,26.6225551740042
330,Kazakhstan,Barley,91,151,61,217,277,61,4.0774455487148,27.3719543798869
332,Kenya,Wheat,132,181,50,274,334,61,23.4912079360153,70.5025621508355
339,Kenya,Barley,51,110,60,182,31,215,23.4889483305595,70.5372862734592
343,Kyrgyzstan,Wheat,229,284,56,152,229,78,3.00811733483261,37.5517357346278
346,Laos,Rice,137,197,61,274,365,92,24.658229574131,150.816340062015
347,Laos,Rice,319,31,78,91,120,30,24.658229574131,150.816340062015
349,Latvia,Wheat,232,282,51,191,232,42,5.68474753748006,54.0337878321763
350,Latvia,Rye,227,264,38,166,227,62,5.68474753817275,54.0337878342372
352,Latvia,Barley,91,151,61,218,278,61,5.68474753746329,54.0337878318399
353,Lebanon,Wheat,284,20,102,162,233,72,15.3616617884694,57.4287684028796
355,Lesotho,Wheat,121,151,31,305,334,30,11.5403566095083,68.3632160590176
358,Liberia,Rice,91,212,122,244,365,122,25.1904431760637,215.915441544661
361,Libya,Wheat,283,324,42,121,171,51,19.5528315125428,27.4247928230266
362,Libya,Barley,283,324,42,101,141,41,19.5528315070068,27.424792850617
366,Lithuania,Wheat,233,283,51,192,233,42,6.1716283924472,54.6201947095791
367,Lithuania,Rye,228,263,36,188,228,41,6.14980768029916,55.262979547634004
369,Lithuania,Barley,91,151,61,218,278,61,6.16339503508942,54.9280348988509
370,Macedonia,Wheat,289,349,61,152,212,61,10.160315691488,53.7901689557336
371,Macedonia,Rice,111,151,41,213,243,31,10.1567018639909,53.8516900416161
381,Madagascar,Wheat,121,151,31,305,334,30,22.5886499168088,140.398452518289
382,Madagascar,Rice,305,16,77,91,181,91,22.0940629883801,156.959326195379
387,Malawi,Wheat,32,81,50,192,243,52,21.3385733983054,90.3419025444821
388,Malawi,Rice,314,365,52,121,192,72,22.0136294722063,104.713603238192
391,Malaysia (Sabah prov.),Rice,161,263,103,344,109,131,25.6247617471719,204.774510960845
392,Malaysia (Sarawak prov.),Rice,223,263,41,11,141,131,25.8560985569313,289.659960948564
396,Mali,Rice,152,212,61,319,31,78,28.5603808380681,46.478314758629
401,Mauritania,Rice,152,197,46,274,334,61,28.4265430049168,22.6497257876738
402,Mauritania,Rice,274,365,92,60,120,61,28.4265430049168,22.6497257876738
407,Mexico,Rice,101,202,102,253,19,132,24.5035558715639,125.47545212603
414,Moldova,Wheat,233,283,51,192,233,42,9.83155766681938,42.9928568746998
419,Morocco,Wheat,315,355,41,132,172,41,17.0531767343197,41.7279250135563
420,Morocco,Barley,315,355,41,132,202,71,16.9598680963262,35.2560809600442
423,Mozambique,Wheat,121,151,31,274,304,31,23.1777251331516,89.3800707714506
428,Myanmar,Wheat,264,334,71,51,131,81,25.1542164247932,174.984969330173
431,Namibia,Wheat,121,166,46,274,319,46,20.1557727321871,31.8861576362456
434,Nepal,Wheat,294,345,52,71,181,111,20.8745550661047,142.365958486231
436,Nepal,Rice,141,223,83,294,353,60,21.2403313411268,146.142636163043
445,Nicaragua,Rice,152,181,30,274,334,61,25.4788878917883,143.511309413508
452,Niger,Rice,152,212,61,213,334,122,29.6601561480521,43.146419697488
466,Pakistan,Barley,283,324,42,70,120,51,22.2279794552722,35.9900700710512
474,Panama,Rice,102,202,101,222,293,72,25.6654470733152,184.594620007987
475,Paraguay,Wheat,101,172,72,254,324,71,21.4895850569243,145.071343628051
477,Paraguay,Rice,283,354,72,70,141,72,21.8342183221506,139.224847060955
483,Peru,Wheat,314,81,133,101,262,162,14.3200926854666,76.2406946819024
484,Peru,Barley,294,81,153,101,232,132,9.17376452090829,63.9143616114302
485,Peru,Rice,344,81,103,131,233,103,14.3346106095121,76.4810251097467
510,Saudi Arabia,Wheat,314,354,41,111,141,31,24.4899572137395,12.2389802154464
511,Saudi Arabia,Barley,314,354,41,91,120,30,23.4092695287352,10.7953266678979
519,Senegal,Rice,152,243,92,305,31,92,27.5464029900747,71.9512684614142
524,Sierra Leone,Rice,91,212,122,244,365,122,26.201745704375,228.945240530368
532,South Africa,Barley,100,172,73,283,353,71,16.8137581926869,30.1886098545074
535,South Africa,Rice,253,354,102,100,171,72,17.3228350929262,51.1374041118074
539,South Korea,Wheat,274,314,41,152,181,30,12.1207600290319,108.975622620148
540,South Korea,Barley,305,334,30,162,202,41,12.1211738051962,108.976525488763
542,South Korea,Rice,121,181,61,244,304,61,12.1182516249392,108.97546387447
547,Sri Lanka,Rice,244,354,111,10,111,102,26.7632376996873,150.707943156791
549,Sudan,Wheat,305,334,30,60,90,31,28.2474313779771,35.7175472133386
556,Suriname,Rice,71,233,163,253,294,42,27.1102748178501,162.515487323438
558,Swaziland,Wheat,121,151,31,305,334,30,19.3247688258582,73.1551028600376
560,Swaziland,Rice,284,324,41,10,140,131,19.3012797955878,73.3456706182586
562,Syria,Wheat,282,19,103,131,201,71,17.7275826800179,36.1701943586493
563,Syria,Barley,283,10,93,131,181,51,17.6949970798166,36.1308002080455
564,Syria,Rice,101,141,41,253,304,52,18.006551470092,46.4885634490058
566,Tajikistan,Wheat,227,318,92,152,227,76,9.88942225149033,52.2641083747807
569,Tanzania (South),Wheat,344,47,69,137,181,45,20.7282142436872,93.2716177619951
570,Tanzania (North),Wheat,15,75,61,152,212,61,20.9515294603227,67.2896141276315
571,Tanzania,Barley,11,81,71,162,243,82,22.0597028734961,86.2760663107254
590,Togo,Rice,121,151,31,289,319,31,26.6003835033091,104.543508789405
594,Trinidad & Tobago,Rice,152,223,72,294,344,51,26.0961115787645,167.027752658909
596,Tunisia,Wheat,284,354,71,152,181,30,17.073969340207,57.0703046137781
597,Tunisia,Barley,283,354,72,131,171,41,16.9352047479316,53.2661148019509
600,Turkey,Wheat,254,334,81,172,222,51,11.6034085428413,46.4245694604584
601,Turkey,Barley,253,355,103,132,202,71,11.1718225027819,42.5821464483137
603,Turkey,Rice,101,172,72,254,293,40,12.643901558467,51.4266617986495
606,Turkmenistan,Wheat,227,318,92,152,227,76,15.9141141090352,16.6740088940352
627,Uruguay,Wheat,121,243,123,313,8,61,17.6842130804588,91.8692905861114
628,Uruguay,Barley,161,202,42,313,18,71,17.6275363377931,91.0299504455814
630,Uruguay,Rice,274,353,80,70,151,82,17.8083075212136,105.699656921604
641,Venezuela,Rice,100,202,103,223,324,102,26.3440093654771,124.321817682309
649,Zambia,Wheat,121,166,46,274,318,45,22.2297244760646,68.4280238240248
653,Zimbabwe,Wheat,121,166,46,274,318,45,21.1084064135072,53.4812657106501
672,Bangladesh,Rice,151,222,72,303,360,58,25.5160540973765,187.623775530642
673,Bangladesh,Rice,311,30,85,107,148,42,25.5160540973765,187.623775530642
676,Brazil (Center-South),Wheat,87,147,61,241,334,94,19.9987195870892,132.106085998406
677,Brazil (Rio Grande do Sul),Wheat,119,180,62,270,364,95,19.5143663960783,142.468147057118
684,Bulgaria,Wheat,242,306,65,164,224,61,11.1701165769409,49.772197142794
685,"Canadian Prairies (Alberta, Saskatchewan, Manitoba)",Wheat,115,156,42,228,286,59,2.4935742451926,34.2896025239932
686,"Canadian Prairies (Alberta, Saskatchewan, Manitoba)",Barley,116,156,41,227,286,60,2.37685350924549,35.8150664680772
690,China,Rice,90,153,64,215,276,62,14.5309323199982,87.9378385135775
691,China,Rice,56,120,65,149,210,62,18.8148143436355,131.369002424898
692,China,Rice,151,214,64,276,336,61,18.8148143436355,131.369002424898
693,China (north),Wheat,59,119,61,190,234,45,4.87827374685305,36.1769276046995
694,China (North China Plain),Wheat,242,302,61,136,178,43,14.0554634765709,64.6579701727613
703,Finland,Barley,99,150,52,222,272,51,3.08759715279342,48.5309376730552
704,Finland,Oats,99,149,51,222,272,51,3.08759715804522,48.5309376775498
705,France,Wheat,272,335,64,182,243,62,10.7807433178778,64.0937479925753
707,France,Barley,247,303,57,148,209,62,10.6186463445877,64.9589659515662
711,Germany,Wheat,272,308,37,209,246,38,8.51586833380378,58.030032508873
712,Germany,Barley,242,306,65,151,211,61,8.47703846968793,58.8321029863778
713,Germany,Barley,87,126,40,211,252,42,8.47703846968793,58.8321029863778
714,Germany,Rye,243,306,64,151,212,62,8.65928330051265,52.6818997951362
720,Hungary,Wheat,242,306,65,152,212,61,10.482153542411,47.9534601733922
728,Italy,Wheat,276,339,64,151,212,62,13.4536349738464,64.093751236043
732,Mexico,Wheat,275,364,90,93,179,87,21.254026987728,47.4261539110236
736,Pakistan,Wheat,269,356,88,93,163,71,23.9660965697015,33.5223833726492
737,Pakistan,Rice,139,204,66,264,352,89,24.4220726854491,29.0699342717661
742,Poland,Wheat,243,308,66,179,240,62,7.86470962235916,50.2342619315952
743,Poland,Rye,242,306,65,149,210,62,7.80934681024577,48.0696276320382
744,Poland,Oats,83,147,65,208,268,61,7.78877441671884,49.1587399722076
748,Romania,Wheat,243,307,65,183,243,61,10.5065067618803,47.3143742475339
751,Russia,Barley,260,297,38,169,200,32,4.1533970568117,42.3952854302104
761,Spain,Wheat,301,364,64,143,211,69,12.5568995527522,45.3678792370057
762,Spain,Wheat,301,364,64,107,162,56,15.7863105251725,46.823800045859
763,Spain,Barley,320,363,44,148,209,62,12.562421060889,43.6487993762103
767,Spain,Rice,24,88,65,241,301,61,14.9056906534624,46.1303203382401
768,Sweden,Barley,102,153,52,224,274,51,6.16238508935982,49.951105502796
769,Sweden,Oats,105,153,49,244,305,62,6.29144454281555,52.7612428036586
770,Sweden,Wheat,243,306,64,151,211,61,6.3320536643691,49.9576210173145
780,Ukraine,Wheat,119,157,39,218,271,54,8.37267255366988,45.7917768238748
785,United Kingdom,Wheat,276,332,57,183,233,51,9.15072568731267,61.0493807523579
786,United Kingdom,Barley,59,116,58,183,233,51,8.77216468044936,70.968248405922
787,United Kingdom,Barley,260,308,49,150,210,61,8.77216468044936,70.968248405922
804,Ontario & Quebec,Wheat,256,312,57,182,248,67,6.77742847927575,78.7570264240256
809,Brazil (North & Northeast),Rice,1,59,59,148,243,96,26.3966329681802,134.398466227503
810,Brazil (Center-South),Rice,286,365,80,28,148,121,20.7475531294883,129.91099613215
815,Italy,Wheat,64,124,61,182,243,62,13.4536349738464,64.093751236043
816,Italy,Barley,310,61,117,141,196,56,13.2045828283688,67.8105872390819
817,Italy,Rice,95,148,54,269,310,42,12.1494232836115,75.1364841415959
819,Sweden,Rye,244,304,61,152,212,61,6.62336750014768,51.1937411961911
821,Yugoslavia (Former),Wheat,244,304,61,182,243,62,10.4250162684383,71.5735745823776
831,Burma (Myanmar),Rice,121,185,65,277,354,78,26.1194312479949,219.02888449542
832,Burma (Myanmar),Rice,301,365,65,69,163,95,26.1194312479949,219.02888449542
833,Thailand,Rice,128,243,116,279,34,121,27.1303261308936,116.906555476019
834,Thailand,Rice,6,69,64,116,181,66,27.1303261308936,116.906555476019
840,Vietnam (North),Rice,159,222,64,247,342,96,24.2363436666072,141.301907660458
841,Vietnam (South),Rice,166,288,123,325,40,81,27.1015788949629,150.968867901318
842,Vietnam (North),Rice,314,100,152,138,209,72,24.2363436666072,141.301907660458
843,Vietnam (South),Rice,330,71,107,84,143,60,27.1015788949629,150.968867901318
844,Philippines,Rice,91,169,79,254,349,96,26.1684156548056,202.838141178321
861,Argentina,Rice,242,349,108,59,175,117,19.5967564212391,99.2438018708353
862,Argentina,Wheat,127,233,107,304,22,84,16.6204673310008,70.2292452965605
864,South Africa (except Western Cape),Wheat,117,187,71,272,350,79,16.3259326584881,47.7001492431419
977,California,Barley,51,135,85,227,274,48,13.8219411805926,36.2699771759988
978,Colorado,Barley,74,135,62,191,263,73,6.3642589572004296,24.7537755237273
979,Idaho,Barley,83,146,64,209,272,64,6.1400703377566,34.1497770572817
980,Kansas,Barley,60,121,62,161,191,31,12.0471901543077,48.1607625673875
981,Michigan,Barley,105,141,37,207,243,37,6.69858331082682,65.5583583066584
982,Minnesota,Barley,106,156,51,207,267,61,4.1338449783496,46.1589259011286
983,Montana,Barley,97,152,56,216,271,56,5.86311575653343,30.9258382280307
984,Nebraska,Barley,79,108,30,199,211,13,8.67397003033276,42.4296010815861
985,Nevada,Barley,95,140,46,201,248,48,9.30049065417334,19.3847285922052
986,North Dakota,Barley,111,146,36,211,249,39,4.00136419659999,37.7658833984302
987,Oregon,Barley,244,135,257,186,244,59,8.63697073386436,35.8223373578898
988,South Dakota,Barley,96,140,45,193,232,40,6.70372047667888,38.9308403508734
989,Utah,Barley,79,130,52,196,244,49,7.40884603849844,35.0907785187552
990,Washington,Barley,60,140,81,196,258,63,8.87318313980669,35.618038392317
991,Wisconsin,Barley,95,135,41,196,244,49,6.31942414472181,65.9823533960637
992,Wyoming,Barley,74,148,75,210,264,55,5.88397443977814,23.896583955881
993,Arizona,Barley,314,32,84,135,182,48,20.8346886214432,20.3332860941721
994,California,Barley,258,120,228,135,227,93,13.8219411805926,36.2699771759988
995,Delaware,Barley,270,314,45,156,184,29,12.9558277072714,91.048620481584
996,Kansas,Barley,258,305,48,171,186,16,12.0471901543077,48.1607625673875
997,Kentucky,Barley,268,293,26,152,176,25,13.8376371099218,104.390319902882
998,Maryland,Barley,260,311,52,163,189,27,12.6442320394633,89.9918644626593
999,Nevada,Barley,248,293,46,191,237,47,9.30049065417334,19.3847285922052
1000,New Jersey,Barley,257,294,38,158,165,8,11.9272143790915,92.0838154429385
1001,North Carolina,Barley,268,335,68,145,206,62,14.6447715327372,97.2640031031012
1002,Oklahoma,Barley,255,325,71,157,191,35,15.5368686167066,63.4970881167972
1003,Pennsylvania,Barley,237,298,62,171,222,52,10.3620412957372,88.6456909700922
1004,South Carolina,Barley,280,349,70,145,199,55,16.2061577574035,105.235261918247
1005,Texas,Barley,253,335,83,140,182,43,17.8185118121834,59.7612706048239
1006,Virginia,Barley,253,329,77,150,196,47,13.5395209271613,89.0931606120927
1079,Alaska,Oats,125,156,32,244,283,40,1.64318847301336,50.2345372087592
1080,California,Oats,51,150,100,227,274,48,15.0962713803557,34.8742307338156
1081,Colorado,Oats,74,145,72,191,273,83,7.64803467197398,31.5990645351294
1082,Idaho,Oats,90,153,64,202,272,71,6.7261442398623,45.6923545204207
1083,Illinois,Oats,84,128,45,195,223,29,9.6133757156553,77.7925612481722
1084,Indiana,Oats,91,130,40,191,222,32,9.97678858399234,80.2683400333501
1085,Iowa,Oats,83,137,55,184,221,38,8.68742038277885,70.811346884927
1086,Kansas,Oats,51,105,55,191,222,32,12.6513881853807,65.885752190865
1087,Maine,Oats,127,160,34,222,283,62,3.90247847019864,83.031452955219
1088,Michigan,Oats,105,141,37,207,243,37,7.29153070935099,67.0557929014144
1089,Minnesota,Oats,100,146,47,205,253,49,5.48365153476134,55.9421540271481
1090,Missouri,Oats,60,120,61,171,213,43,11.9155736233852,81.9366883734196
1091,Montana,Oats,100,154,55,218,269,52,5.89530092898094,31.4306779302462
1092,Nebraska,Oats,83,129,47,185,224,40,9.31856342257408,52.4717015048661
1093,New York,Oats,91,135,45,213,253,41,7.53148045588997,78.6191996779585
1094,North Dakota,Oats,112,148,37,214,253,40,4.6658044568709,35.8508084723296
1095,Ohio,Oats,93,144,52,197,234,38,9.61631508888255,80.1913000781454
1096,Oregon,Oats,258,105,213,191,244,54,9.62715323685312,68.4704726112332
1097,Pennsylvania,Oats,105,145,41,201,242,42,9.39792935670863,88.0816642361887
1098,South Dakota,Oats,94,141,48,191,232,42,7.14354419301626,42.1529989587368
1099,Utah,Oats,79,152,74,206,273,68,7.21076033411898,32.1956089657732
1100,Washington,Oats,64,110,47,196,253,58,8.85613762009006,46.0559862838037
1101,West Virginia,Oats,91,152,62,182,244,63,10.413864314381,91.2367836951973
1102,Wisconsin,Oats,91,145,55,201,248,48,6.54525239800723,66.255904958563
1103,Wyoming,Oats,87,152,66,210,269,60,6.7664822807324,26.8816967956071
1104,Arkansas,Oats,275,330,56,159,186,28,16.5882055349332,108.073452548756
1105,California,Oats,258,74,182,166,244,79,15.0962713803557,34.8742307338156
1106,Georgia,Oats,263,344,82,140,176,37,18.2385512606911,103.750616289698
1107,North Carolina,Oats,258,344,87,148,201,54,15.2729587004985,99.7848035968377
1108,Oklahoma,Oats,255,334,80,157,193,37,15.3678251809782,64.7882019046064
1109,South Carolina,Oats,266,349,84,145,184,40,17.1719630885004,102.688923522074
1110,Texas,Oats,253,355,103,138,206,69,18.450591746117,60.2946607875753
1147,Arkansas,Rice,97,153,57,238,298,61,16.0311780514918,105.0068321287
1148,California,Rice,121,156,36,258,305,48,15.9054563927296,47.6347846721256
1149,Louisiana,Rice,79,153,75,203,281,79,19.4296716394234,122.434414206728
1150,Mississippi,Rice,92,160,69,237,300,64,17.0174371160151,112.751486086593
1151,Missouri,Rice,105,161,57,253,305,53,14.465113304867,100.385630791568
1152,Texas,Rice,81,146,66,203,288,86,20.5874024153652,93.9080961507275
1153,Georgia,Rye,263,339,77,130,176,47,18.1765653807637,102.402443847483
1154,Indiana,Rye,253,303,51,171,206,36,10.3572791391875,83.128675947028
1155,Kansas,Rye,244,274,31,161,186,26,12.878807495956,54.2186042036939
1156,Maryland,Rye,262,321,60,165,206,42,12.6069173665046,89.267980963805
1157,Minnesota,Rye,235,282,48,196,241,46,5.25963313398641,56.3685953280863
1158,Nebraska,Rye,242,279,38,181,220,40,8.96200787861332,48.6421800978299
1159,New Jersey,Rye,244,318,75,188,219,32,11.5622838543609,94.4381530102015
1160,New York,Rye,244,298,55,186,201,16,8.0763066439097,81.9663482841156
1161,North Carolina,Rye,263,339,77,148,209,62,15.4706425453453,100.547225905956
1162,North Dakota,Rye,250,273,24,191,213,23,4.77168665792378,37.7250192992282
1163,Ohio,Rye,253,293,41,176,201,26,9.6413642979682,79.8894917246064
1164,Oklahoma,Rye,248,288,41,161,166,6,15.3244954399977,61.806310601631
1165,Pennsylvania,Rye,242,303,62,186,222,37,10.0614540871633,89.02384604954
1166,South Carolina,Rye,266,347,82,143,191,49,16.9305364621328,101.688636170293
1167,South Dakota,Rye,242,280,39,190,227,38,6.24692242417004,42.7951364321903
1168,Texas,Rye,244,319,76,135,182,48,16.3313941011948,50.753013363175
1169,Virginia,Rye,232,334,103,156,186,31,12.7609675226854,87.0975728794334
1170,Wisconsin,Rye,227,274,48,186,222,37,6.1792359849005,66.0546440060537
1243,Idaho,Wheat,80,146,67,216,272,57,7.0683468922442,35.5081055605001
1244,Minnesota,Wheat,103,154,52,212,273,62,4.3957017747472,45.9324193103369
1245,Montana,Wheat,98,149,52,219,270,52,5.65961634420783,29.7174384748694
1246,Nevada,Wheat,95,140,46,201,248,48,8.89114608011774,19.6199883890077
1247,North Dakota,Wheat,109,147,39,216,257,42,4.41018927857796,36.8854920346018
1249,South Dakota,Wheat,93,137,45,196,242,47,7.05405104580342,39.471065597803
1254,Alabama,Wheat,275,346,72,121,182,62,16.7470945316417,120.026662544325
1255,Arizona,Wheat,314,32,84,135,182,48,21.6201795301875,15.6397985672006
1256,Arkansas,Wheat,276,331,56,159,186,28,16.1483809961549,105.381006735153
1257,California,Wheat,288,46,124,152,213,62,16.7768881886798,28.2703458531089
1258,Colorado,Wheat,237,283,47,176,222,47,9.85677968579855,32.5458621674255
1259,Delaware,Wheat,281,325,45,173,198,26,12.8859311474659,90.9676745618427
1260,Florida,Wheat,288,349,62,121,166,46,19.0663306316551,123.298451336261
1261,Georgia,Wheat,278,349,72,140,181,42,17.9158658824295,102.781226391243
1262,Idaho,Wheat,251,307,57,204,257,54,7.0683468922442,35.5081055605001
1263,Illinois,Wheat,272,310,39,173,201,29,12.1440981775994,84.7819329373584
1264,Indiana,Wheat,263,314,52,171,206,36,11.1539232863901,87.0034890255981
1265,Iowa,Wheat,249,303,55,175,219,45,9.60013254787864,72.0501700942071
1266,Kansas,Wheat,253,298,46,166,206,41,12.5292234558295,54.2242795657514
1267,Kentucky,Wheat,266,324,59,163,191,29,13.801764634037,103.794973638802
1268,Louisiana,Wheat,281,346,66,134,174,41,18.6455620540234,117.533636675577
1269,Maryland,Wheat,278,323,46,173,201,29,12.9900371557231,90.5062344117253
1270,Michigan,Wheat,256,302,47,195,216,22,8.26731168988476,68.0586862310984
1272,Mississippi,Wheat,267,344,78,148,188,41,17.0881688926464,114.443490202733
1273,Missouri,Wheat,263,324,62,166,201,36,12.9480874801406,88.5435213947473
1274,Montana,Wheat,250,296,47,209,251,43,5.65961634420783,29.7174384748694
1275,Nebraska,Wheat,242,279,38,177,220,44,9.72748131837416,43.0332496339451
1276,Nevada,Wheat,248,293,46,196,237,42,8.89114608011774,19.6199883890077
1277,New Jersey,Wheat,257,318,62,182,226,45,11.7248704300823,93.4313375982305
1278,New Mexico,Wheat,237,288,52,166,196,31,13.8982518289335,34.4768179603102
1279,New York,Wheat,253,305,53,196,217,22,8.11292092038494,72.1658585467927
1280,North Carolina,Wheat,263,354,92,149,206,58,15.6728206949972,102.367069015283
1282,Ohio,Wheat,267,306,40,182,216,35,9.79621105651996,77.6829289594256
1283,Oklahoma,Wheat,246,306,61,156,186,31,15.055515294147,59.5905220015458
1284,Oregon,Wheat,258,314,57,196,244,49,9.91477804258885,34.2901133562652
1285,Pennsylvania,Wheat,242,303,62,186,222,37,10.2662059509475,88.5915905198024
1286,South Carolina,Wheat,288,365,78,146,182,37,17.0953969109933,101.182374981078
1287,South Dakota,Wheat,244,280,37,187,224,38,7.05405104580342,39.471065597803
1288,Tennessee,Wheat,268,334,67,161,191,31,14.6955362096632,109.153097532825
1289,Texas,Wheat,243,337,95,145,188,44,16.2117436059858,51.5637307939055
1290,Utah,Wheat,232,293,62,191,237,47,8.25745298483964,33.3639241538953
1291,Virginia,Wheat,268,334,67,156,206,51,14.1134066149107,91.2683162075278
1292,Washington,Wheat,244,303,60,196,248,53,9.29574983791076,29.4187447477955
1293,West Virginia,Wheat,263,324,62,176,222,47,11.7818116164383,83.7130956374725
1294,Wisconsin,Wheat,248,278,31,196,232,37,7.0445412355796,65.9088518957632
1295,Wyoming,Wheat,235,275,41,194,246,53,7.7704995469305,31.3743167707849
1296,Andhra Pradesh,Rice,134,168,35,239,273,35,28.4411695229499,75.1693082762764
1297,Andhra Pradesh,Rice,162,203,42,309,336,28,26.1856864814013,99.7271640200675
1298,Andhra Pradesh,Rice,148,175,28,295,315,21,27.4604637268218,91.1927556094026
1299,Andhra Pradesh,Rice,148,182,35,260,287,28,27.2922448530786,66.686792067512
1300,Andhra Pradesh,Rice,183,231,49,337,364,28,27.7727400654667,51.9787053065707
1301,Andhra Pradesh,Rice,141,224,84,288,7,85,27.6286429529172,81.709714179569
1302,Andhra Pradesh,Rice,127,175,49,288,322,35,28.0683591965572,82.822783752187
1324,Assam,Rice,155,203,49,267,343,77,24.1003114945887,234.692000344869
1325,Assam,Rice,148,196,49,281,336,56,23.9181528927302,175.127537986542
1326,Assam,Rice,141,189,49,288,329,42,23.8283430430502,160.383344140106
1327,Assam,Rice,162,203,42,302,343,42,23.5864505552197,231.913506945166
1328,Assam,Rice,176,217,42,316,343,28,23.8504101416717,164.601432410697
1329,Assam,Rice,141,175,35,288,322,35,23.2412373864316,209.117175185455
1330,Assam,Rice,302,336,35,71,112,42,23.2257318905642,198.455365952581
1342,Gujarat,Wheat,302,350,49,57,112,56,26.5841615169831,59.5297272075334
1343,Gujarat,Wheat,309,336,28,64,105,42,26.9705749474931,64.4822241944663
1344,Gujarat,Rice,148,189,42,267,308,42,27.370070938254,125.265666059711
1352,Himachal Pradesh,Wheat,295,350,56,85,140,56,15.5456634268353,123.7223434385
1353,Himachal Pradesh,Wheat,323,364,42,106,147,42,21.4561303362744,125.346717476721
1354,Himachal Pradesh,Wheat,337,7,36,106,147,42,20.7864680151868,116.725844622493
1355,Himachal Pradesh,Wheat,295,343,49,113,140,28,13.6365806355575,116.929779979364
1362,Himachal Pradesh,Barley,246,280,35,8,63,56,13.6365806738758,116.929780202315
1363,Himachal Pradesh,Barley,92,147,56,197,224,28,15.125565577456,110.049160569395
1366,Himachal Pradesh,Rice,169,203,35,288,322,35,18.1868466764739,130.293210302838
1369,Karnataka,Rice,148,196,49,302,364,63,25.406345823649,214.749110366371
1370,Karnataka,Rice,176,231,56,313,354,42,24.5165182322475,67.0002765660944
1371,Karnataka,Rice,358,14,22,148,182,35,24.6022728755548,65.8111753680441
1372,Karnataka,Rice,155,182,28,309,364,56,26.6136454643641,42.2254554760475
1373,Karnataka,Rice,134,182,49,267,315,49,26.7851984781745,364.606978403639
1374,Karnataka,Rice,148,217,70,330,35,71,24.8135740047497,53.8145815284229
1375,Karnataka,Rice,141,196,56,295,336,42,23.0027883607871,251.813055416673
1376,Karnataka,Rice,127,175,49,316,364,49,25.4372368106503,61.7794332469578
1377,Karnataka,Rice,169,224,56,330,364,35,23.9458478109004,105.576457196032
1378,Karnataka,Rice,134,189,56,274,322,49,23.0480942460015,91.2746524365262
1379,Karnataka,Wheat,281,329,49,50,91,42,25.2630689854569,68.4249947709497
1380,Karnataka,Wheat,274,301,28,29,63,35,25.4372368071987,61.7794333276375
1381,Karnataka,Wheat,281,308,28,36,77,42,27.1400257622816,47.245833957644
1394,Kerala,Rice,113,168,56,232,294,63,26.8326106955526,286.551219460609
1395,Kerala,Rice,92,147,56,218,273,56,27.115397063253,238.590622695363
1396,Kerala,Rice,113,147,35,232,273,42,26.4380609731168,209.471294273515
1397,Kerala,Rice,232,287,56,337,56,85,26.7971171179281,343.730085094993
1398,Kerala,Rice,260,294,35,15,49,35,26.6050021840268,219.910605326164
1399,Kerala,Rice,218,273,56,344,35,57,27.1148389262028,242.837929773111
1411,Maharashtra,Wheat,302,336,35,64,98,35,27.1102103664044,90.3654604838834
1412,Maharashtra,Wheat,295,336,42,57,105,49,27.3458513584446,104.46746190904
1413,Maharashtra,Wheat,309,336,28,85,126,42,25.0372551766298,83.8597932370807
1414,Maharashtra,Wheat,302,350,49,78,119,42,26.1564818517116,53.4925539955294
1425,Maharashtra,Rice,134,175,42,281,329,49,26.6172527236918,278.0405402502
1426,Maharashtra,Rice,169,210,42,302,336,35,27.2188788417235,115.269410354882
1436,Orissa,Rice,169,196,28,302,350,49,27.2236720700462,125.275904698658
1437,Orissa,Rice,162,203,42,260,308,49,25.7162607182927,111.876047341623
1438,Orissa,Rice,141,189,49,288,350,63,25.9215409613207,100.256996499202
1439,Orissa,Rice,148,189,42,274,301,28,26.0022457750044,117.750819942565
1440,Orissa,Rice,155,210,56,309,357,49,26.2266882291394,115.586220436767
1441,Orissa,Rice,141,175,35,260,315,56,25.5393115312597,114.606367618972
1442,Orissa,Rice,141,175,35,316,343,28,26.7794020070705,112.055131344271
1443,Orissa,Rice,155,196,42,302,350,49,26.8921681731575,133.536073334697
1444,Orissa,Rice,330,357,28,85,119,35,27.2236720700462,125.275904698658
1466,Rajasthan,Wheat,309,329,21,64,84,21,25.5733639030739,46.0534758688166
1467,Rajasthan,Wheat,316,350,35,71,98,28,26.2197978040335,68.1764483975947
1468,Rajasthan,Wheat,309,329,21,43,63,21,25.7560793454758,59.4011334044512
1469,Rajasthan,Wheat,309,336,28,57,84,28,25.4688656078915,61.8927262188735
1470,Rajasthan,Wheat,316,336,21,64,84,21,25.1525200292156,49.9194670618696
1471,Rajasthan,Wheat,309,336,28,64,84,21,25.9424336755487,60.2291057652626
1483,Rajasthan,Rice,204,224,21,302,329,28,26.1388931523101,78.920972949987
1484,Tamil Nadu,Rice,162,203,42,260,329,70,26.1047173481746,95.4900023744695
1485,Tamil Nadu,Rice,99,168,70,204,266,63,26.6789191354494,74.8748509182159
1486,Tamil Nadu,Rice,120,182,63,225,287,63,26.5312267506993,105.539797862698
1487,Tamil Nadu,Rice,197,238,42,323,7,50,28.0980873503698,83.7347650114562
1488,Tamil Nadu,Rice,155,182,28,253,280,28,27.6237234172614,70.0693037033733
1489,Tamil Nadu,Rice,99,168,70,197,266,70,28.5705031957729,95.7854157283619
1490,Tamil Nadu,Rice,120,210,91,218,308,91,28.1015853335204,73.469428696256
1491,Tamil Nadu,Rice,246,301,56,8,70,63,28.0980873503698,83.7347650114562
1493,Tamil Nadu,Rice,218,259,42,351,21,36,28.0183876900842,83.181076458336
1494,Tamil Nadu,Rice,211,280,70,351,49,64,28.4555363380486,97.110242279723
1495,Tamil Nadu,Rice,215,287,73,351,53,68,28.4540074357267,94.7746375762594
1496,Tamil Nadu,Rice,225,301,77,358,70,78,27.4530190030797,88.5328299090456
1497,Tamil Nadu,Rice,218,294,77,351,56,71,28.1015853335204,73.469428696256
1498,Tamil Nadu,Rice,218,287,70,344,49,71,26.3445884029929,86.1796948931935
1499,Tamil Nadu,Rice,162,238,77,295,7,78,26.6789191354494,74.8748509182159
1525,West Bengal,Rice,169,203,35,302,343,42,26.1710092684043,114.125588661462
1526,West Bengal,Rice,176,210,35,302,336,35,24.4179349830086,223.453108187927
1527,West Bengal,Rice,162,203,42,288,329,42,26.3374520130836,112.62810874158
1528,West Bengal,Rice,162,203,42,302,336,35,26.6160438178094,127.600043172681
1529,West Bengal,Rice,162,210,49,309,350,42,26.4833322852996,136.012032135535
1530,West Bengal,Rice,330,357,28,85,126,42,26.1710092684043,114.125588661462
1531,West Bengal,Rice,344,7,29,92,126,35,26.4833322852996,136.012032135535
1532,West Bengal,Rice,323,357,35,92,147,56,26.6160438178094,127.600043172681
1533,West Bengal,Rice,302,343,42,71,112,42,24.4179349830086,223.453108187927
1539,West Bengal,Wheat,323,7,50,78,126,49,26.3012478487082,111.928914943436
1542,New South Wales,Wheat,91,181,91,311,31,86,16.9032432638284,47.1485963270951
1543,New South Wales,Barley,121,151,31,274,365,92,16.7745065936677,47.2464388320345
1545,New South Wales,Oats,60,151,92,274,365,92,16.7852497404892,47.9041021087197
1547,New South Wales,Rice,274,304,31,60,151,92,16.6160723763757,37.0192463990452
1550,Queensland,Wheat,91,212,122,274,334,61,19.5929965356052,57.3371457096512
1551,Queensland,Barley,121,151,31,274,365,92,19.0234621052467,58.8180215196223
1553,Queensland,Oats,121,181,61,274,365,92,20.2553313645018,61.8786515956926
1558,South Australia,Wheat,91,181,91,305,31,92,16.3722869818407,32.2949269192099
1559,South Australia,Barley,121,212,92,305,31,92,16.2323033072118,32.8264620518482
1560,South Australia,Oats,91,181,91,305,31,92,16.2665670849563,32.8936316589412
1564,Victoria,Wheat,121,212,92,335,31,62,15.4233642440316,35.840085267311
1565,Victoria,Barley,121,212,92,335,31,62,15.4696482277343,35.0262723181444
1567,Victoria,Oats,91,181,91,305,31,92,15.228156151329,38.1427387937614
1572,Western Australia,Wheat,121,181,61,305,31,92,17.9605559739274,33.4697832995884
1573,Western Australia,Barley,91,181,91,305,365,61,16.9826479786688,34.5327183837414
1575,Western Australia,Oats,91,181,91,305,365,61,17.8524401655302,33.9800336536336
1668,Albania,Barley,289,349,61,137,181,45,9.19799736837501,85.539603369163
1669,Albania,Rye,289,349,61,137,181,45,9.24395680327782,82.9757990369121
1670,Albania,Oats,289,349,61,137,181,45,11.5782157596814,96.2906135288347
1671,Macedonia,Barley,289,349,61,136,212,77,10.1651373067247,53.8352436891558
1672,Macedonia,Rye,289,349,61,136,212,77,10.1649010618577,53.8509973379039
1673,Macedonia,Oats,289,349,61,136,212,77,10.156701857599,53.851690076207
1674,Denmark,Barley,94,150,57,233,304,72,7.80550225918987,59.584242223179
1676,Denmark,Wheat,264,309,46,194,251,58,7.8055022586002,59.5842422146897
1677,North Korea (central bowl),Wheat,32,59,28,152,212,61,9.56727942616739,93.1001263377764
1678,North Korea (central bowl),Barley,32,59,28,152,212,61,9.57523641543757,93.192900786241
1679,North Korea (central bowl),Wheat,274,304,31,152,212,61,9.56727942616739,93.1001263377764
1680,North Korea (central bowl),Barley,274,304,31,152,212,61,9.57523641543757,93.192900786241
1681,Argentina,Oats,182,223,42,305,365,61,17.0692290682137,70.2587437806955
1706,Iraq,Rice,106,151,46,258,288,31,23.8223357464837,11.8296527186887
1709,Kenya,Oats,91,151,61,274,334,61,23.4889483307937,70.5372862962642
1710,Kenya,Rice,91,151,61,274,334,61,23.4421824319938,73.95315754083
1722,Nigeria,Rice,152,212,61,305,365,61,26.7381933816076,74.563458782179
1723,Nigeria,Rice,91,151,61,213,304,92,26.6695888319128,145.531775152764
1724,Nigeria,Rice,305,59,120,121,181,61,26.7381933816076,74.563458782179
1725,Nigeria,Rice,305,365,61,60,120,61,26.6695888319128,145.531775152764
1739,Somalia,Rice,126,187,62,217,278,62,27.5279415623051,36.4861144587414
1764,Tanzania,Rice,14,75,62,182,243,62,22.3291420479177,79.3664383475988
1773,Turkey,Oats,32,120,89,182,243,62,12.028215034322,51.0426597560946
1774,Turkey,Rye,274,334,61,182,243,62,9.60154059201476,38.2679675423375
1775,Turkey,Wheat,60,120,61,182,243,62,11.6034085428413,46.4245694604584
1787,Zimbabwe,Rice,274,365,92,91,181,91,21.1048926997178,53.4875596158975
1788,Zimbabwe,Wheat,319,365,47,91,181,91,21.1084064135072,53.4812657106501
1789,Zimbabwe,Barley,91,151,61,258,319,62,21.1035478205179,53.4933551589273
